sep=;
N°;Module;Fonctionnalité;Cas de test;Étapes;Résultat attendu;Priorité;Statut;Testeur;Date;Commentaires
;;;;;;;;;
;;; 1. AUTHENTIFICATION & COMPTE;;;;;;;
1;Authentification;Inscription email;Inscription avec email/mot de passe valides;1. Aller sur /register 2. Saisir email, mot de passe (≥8 car.), displayName (≥2 car.) 3. Résoudre le CAPTCHA Turnstile 4. Valider;Compte créé, redirection vers profil, email de bienvenue reçu;P0;;;
2;Authentification;Inscription rôle BUSINESS;Inscription en tant que BUSINESS;1. Aller sur /register 2. Sélectionner rôle BUSINESS 3. Remplir les champs 4. Valider;Compte créé avec rôle BUSINESS, accès aux fonctionnalités business;P0;;;
3;Authentification;Inscription — champs invalides;Tester les validations de formulaire;1. Laisser email vide 2. Mot de passe <8 car. 3. displayName <2 car.;Messages d'erreur clairs sur chaque champ invalide;P1;;;
4;Authentification;Inscription — email déjà utilisé;Inscription avec un email existant;1. S'inscrire avec un email déjà enregistré;Erreur : email déjà utilisé;P1;;;
5;Authentification;Détection multi-comptes;Inscription de 2 comptes depuis la même IP en 24h;1. Créer un 1er compte 2. Créer un 2e compte même IP;FraudSignal créé, comportement selon politique sécurité;P2;;;
6;Authentification;Login email/password;Connexion avec identifiants valides;1. Aller sur /login 2. Saisir email + mot de passe 3. Résoudre CAPTCHA 4. Valider;Connecté, redirection dashboard, cookie httpOnly posé;P0;;;
7;Authentification;Login — identifiants invalides;Connexion avec mauvais mot de passe;1. Saisir mauvais mot de passe;Erreur : identifiants invalides, rate limit appliqué;P0;;;
8;Authentification;Login Google OAuth;Connexion via Google;1. Cliquer "Se connecter avec Google" 2. Autoriser;Connecté avec compte Google, profil pré-rempli;P0;;;
9;Authentification;Login Apple OAuth;Connexion via Apple;1. Cliquer "Se connecter avec Apple" 2. Autoriser;Connecté avec compte Apple;P1;;;
10;Authentification;Login OTP téléphone;Connexion par code OTP;1. Saisir numéro téléphone 2. Recevoir OTP 3. Saisir code;Connecté avec numéro vérifié;P1;;;
11;Authentification;Entrée unifiée;Login par email ou provider unique;1. Saisir email sur /account/entry;Redirigé vers le bon flux (email/password ou OAuth);P1;;;
12;Authentification;Refresh token;Rafraîchissement automatique du token;1. Attendre expiration access token 2. Effectuer une requête;Token rafraîchi silencieusement, session maintenue;P0;;;
13;Authentification;Logout;Déconnexion;1. Cliquer sur Déconnexion;Session invalidée, cookie supprimé, redirection /login;P0;;;
14;Authentification;2FA — Setup TOTP;Configurer l'authentification 2FA;1. Aller dans paramètres sécurité 2. Activer 2FA 3. Scanner QR code 4. Saisir code TOTP;2FA activé, QR code affiché, code vérifié;P1;;;
15;Authentification;2FA — Login avec TOTP;Connexion avec 2FA activé;1. Se connecter 2. Saisir code TOTP;Accès autorisé après validation TOTP;P1;;;
16;Authentification;2FA — Désactivation;Désactiver 2FA;1. Aller dans paramètres 2. Désactiver 2FA 3. Saisir mot de passe;2FA désactivé, mot de passe requis pour confirmer;P1;;;
17;Authentification;Mot de passe oublié;Réinitialisation mot de passe;1. Cliquer "Mot de passe oublié" 2. Saisir email 3. Recevoir code OTP 4. Saisir nouveau mot de passe;Mot de passe changé, peut se reconnecter;P0;;;
18;Authentification;Changement mot de passe;Changer mot de passe (connecté);1. Aller dans paramètres 2. Saisir ancien + nouveau mot de passe;Mot de passe mis à jour;P1;;;
19;Authentification;Vérification email;Vérifier adresse email;1. Demander vérification 2. Recevoir code par email 3. Confirmer;Email marqué comme vérifié;P1;;;
20;Authentification;Vérification téléphone;Vérifier numéro téléphone par OTP;1. Demander OTP 2. Saisir code;Téléphone marqué comme vérifié;P1;;;
21;Authentification;Sessions — liste;Voir mes sessions actives;1. Aller dans paramètres sécurité;Liste des sessions (device, IP, date) affichée;P2;;;
22;Authentification;Sessions — révoquer une;Révoquer une session spécifique;1. Sélectionner une session 2. Révoquer;Session supprimée, appareil déconnecté;P2;;;
23;Authentification;Sessions — révoquer toutes;Révoquer toutes les autres sessions;1. Cliquer "Déconnecter tous les appareils";Toutes les sessions sauf actuelle révoquées;P2;;;
24;Authentification;Suppression de compte;Demander suppression de compte;1. Aller dans paramètres 2. Demander suppression 3. Confirmer;Statut PENDING_DELETION, raison enregistrée;P1;;;
25;Authentification;Appel de suspension;Soumettre un appel;1. Sur /suspended, remplir formulaire d'appel 2. Soumettre;Appel enregistré, admin notifié;P2;;;
;;;;;;;;;
;;; 2. PROFILS UTILISATEUR;;;;;;;
26;Profils;Mon profil — lecture;Voir mon profil;1. Aller sur /profile ou /dashboard;Profil complet affiché (nom, bio, avatar, localisation);P0;;;
27;Profils;Mon profil — modification;Modifier mes informations;1. Modifier displayName, bio, avatar 2. Sauvegarder;Modifications enregistrées et affichées;P0;;;
28;Profils;Complétion profil;Compléter le profil requis;1. Remplir champs manquants (ville, pays, etc.);Profil marqué comme complet;P1;;;
29;Profils;Profil public;Voir un profil public;1. Aller sur /user/:username;Profil public affiché avec infos autorisées;P0;;;
30;Profils;Visibilité localisation;Changer la visibilité de la localisation;1. Paramètres → Visibilité 2. Choisir (EXACT_PUBLIC, CITY_PUBLIC, etc.);Localisation affichée selon le niveau choisi;P2;;;
31;Profils;Signalement utilisateur;Signaler un utilisateur;1. Sur un profil public, cliquer Signaler 2. Choisir raison + message;Signalement enregistré, admin notifié;P2;;;
;;;;;;;;;
;;; 3. BOUTIQUE / BUSINESS;;;;;;;
32;Business;Créer un compte business;Créer une boutique;1. Aller dans paramètres 2. Créer compte business 3. Remplir legalName, publicName, slug;Compte business créé, boutique accessible par slug;P0;;;
33;Business;Modifier boutique;Modifier infos boutique;1. Modifier description, logo, cover, zones de livraison 2. Sauvegarder;Modifications sauvegardées;P0;;;
34;Business;Page publique boutique;Voir une boutique publique;1. Aller sur /business/:slug;Page boutique affichée (logo, description, photos, articles);P0;;;
35;Business;Follow boutique;Suivre une boutique;1. Cliquer Follow sur page boutique;Boutique suivie, compteur incrémenté;P1;;;
36;Business;Unfollow boutique;Ne plus suivre;1. Cliquer Unfollow;Boutique retirée des suivis;P1;;;
;;;;;;;;;
;;; 4. ANNONCES / LISTINGS;;;;;;;
37;Annonces;Créer annonce PRODUIT;Créer une annonce de type produit;1. Cliquer "Publier une annonce" 2. Type PRODUIT 3. Remplir titre, description, prix, catégorie, photos 4. Publier;Annonce créée, modération ContentGuard IA passée, publiée;P0;;;
38;Annonces;Créer annonce SERVICE;Créer une annonce de type service;1. Même flux mais type SERVICE;Annonce service créée et publiée;P0;;;
39;Annonces;Limite freemium;Vérifier la limite d'annonces par plan;1. Créer des annonces jusqu'à la limite du plan gratuit;Message d'erreur / upsell affiché à la limite;P1;;;
40;Annonces;Modifier annonce;Modifier une annonce existante;1. Aller sur mes annonces 2. Modifier titre/prix/description 3. Sauvegarder;Modifications sauvegardées;P0;;;
41;Annonces;Supprimer/archiver annonce;Supprimer ou archiver;1. Sélectionner annonce 2. Supprimer ou archiver;Annonce en statut DELETED ou ARCHIVED;P1;;;
42;Annonces;Mes annonces — liste;Voir mes annonces avec filtres;1. Aller sur mes annonces 2. Filtrer par statut/type;Liste paginée et filtrée correctement;P0;;;
43;Annonces;Stats mes annonces;Voir les statistiques;1. Aller sur stats annonces;Nombre de vues, contacts, etc. affichés;P1;;;
44;Annonces;Recherche publique;Rechercher des annonces;1. Utiliser la barre de recherche 2. Filtrer par type, ville, pays, rayon;Résultats pertinents, paginés, triés;P0;;;
45;Annonces;Dernières annonces;Voir les dernières annonces;1. Page d'accueil ou /listings/latest;Annonces récentes affichées;P0;;;
46;Annonces;Enregistrer une vue;Compteur de vues;1. Ouvrir le détail d'une annonce;Vue comptabilisée;P2;;;
47;Annonces;Upload médias — images;Upload de 1 à 5 images;1. Ajouter 1-5 images (JPEG/PNG/WebP/GIF, max 10MB chacune);Images uploadées et affichées;P0;;;
48;Annonces;Upload médias — vidéo;Upload d'1 vidéo max 50MB;1. Ajouter une vidéo (MP4/WebM);Vidéo uploadée et lisible;P1;;;
49;Annonces;Upload médias — audio;Upload d'1 audio max 50MB;1. Ajouter un audio;Audio uploadé et jouable;P2;;;
50;Annonces;Upload — format invalide;Upload d'un fichier non autorisé;1. Tenter d'uploader un .exe ou .pdf;Refusé avec message d'erreur;P1;;;
51;Annonces;Promotion individuelle;Activer une promo sur une annonce;1. Sélectionner annonce 2. Définir prix promo, dates 3. Activer;Promo active, prix barré affiché;P1;;;
52;Annonces;Promotion bundle;Créer un lot promotionnel;1. Sélectionner 2-20 articles 2. Définir prix bundle 3. Créer;Bundle créé, affiché publiquement;P1;;;
53;Annonces;Annuler promotion;Annuler une promotion active;1. Sélectionner promo 2. Annuler;Promo en statut CANCELLED, prix normal restauré;P2;;;
;;;;;;;;;
;;; 5. PANIER & COMMANDES;;;;;;;
54;Panier;Voir panier;Voir le contenu du panier;1. Aller sur /cart;Articles du panier affichés avec prix et quantités;P0;;;
55;Panier;Ajouter au panier;Ajouter un article;1. Sur une annonce, cliquer "Ajouter au panier";Article ajouté, notif temps réel (socket);P0;;;
56;Panier;Modifier quantité;Changer la quantité d'un item;1. Modifier la quantité dans le panier;Montant total recalculé;P0;;;
57;Panier;Supprimer item;Retirer un article du panier;1. Cliquer supprimer sur un item;Item retiré, total mis à jour;P0;;;
58;Commandes;Checkout standard;Passer commande;1. Depuis le panier, cliquer Checkout 2. Ajouter notes + adresse 3. Confirmer;Commande(s) créée(s) groupées par vendeur, notif push au vendeur;P0;;;
59;Commandes;Checkout Mobile Money;Payer par Mobile Money;1. Choisir Mobile Money 2. Sélectionner provider (Orange/M-Pesa) 3. Saisir numéro;Paiement initié, attente confirmation;P1;;;
60;Commandes;Mes commandes (acheteur);Liste des commandes acheteur;1. Aller sur mes commandes;Commandes listées avec statut et pagination;P0;;;
61;Commandes;Mes commandes (vendeur);Liste des commandes vendeur;1. Aller sur mes commandes vendeur;Commandes reçues listées;P0;;;
62;Commandes;Détail commande;Voir le détail d'une commande;1. Cliquer sur une commande;Détail complet (articles, prix, statut, acheteur/vendeur);P0;;;
63;Commandes;Changer statut commande (vendeur);Faire avancer le statut;1. Sélectionner commande 2. Changer statut (PENDING→CONFIRMED→PROCESSING→SHIPPED→DELIVERED);Statut mis à jour, notification push à l'acheteur;P0;;;
64;Commandes;Annuler commande;Annuler une commande;1. Sélectionner commande 2. Annuler;Commande CANCELED, stock restauré;P1;;;
65;Commandes;Validation QR;Scanner code QR à la livraison;1. Afficher QR de la commande 2. Scanner;Commande validée comme livrée;P2;;;
;;;;;;;;;
;;; 6. NÉGOCIATIONS;;;;;;;
66;Négociations;Créer négociation simple;Proposer un prix;1. Sur une annonce, cliquer Négocier 2. Proposer un prix + message;Négociation créée, vendeur notifié;P0;;;
67;Négociations;Répondre — accepter;Vendeur accepte;1. Voir la négociation 2. Accepter;Négociation acceptée, acheteur notifié;P0;;;
68;Négociations;Répondre — refuser;Vendeur refuse;1. Voir la négociation 2. Refuser;Négociation refusée;P1;;;
69;Négociations;Répondre — contre-offre;Vendeur fait une contre-offre;1. Saisir contre-prix 2. Envoyer;Contre-offre envoyée, acheteur notifié;P0;;;
70;Négociations;Négociation groupée (bundle);Négocier plusieurs articles;1. Sélectionner plusieurs articles du même vendeur 2. Proposer prix bundle;Négociation bundle créée;P1;;;
71;Négociations;Auto-Shop — configurer règles;Définir règles auto-négociation;1. Aller sur Auto-Shop 2. Activer pour un article 3. Définir plancher et discount max;Règles enregistrées, IA négocie automatiquement;P2;;;
72;Négociations;Auto-Shop — négociation IA;Vérifier la négociation automatique;1. Un acheteur envoie une offre sur un article avec auto-rules;IA répond automatiquement selon les règles;P2;;;
;;;;;;;;;
;;; 7. BILLING / ABONNEMENTS;;;;;;;
73;Billing;Catalogue des plans;Voir les plans disponibles;1. Aller sur /forfaits;Plans USER et BUSINESS affichés avec prix et fonctionnalités;P0;;;
74;Billing;Mon plan actuel;Voir mon abonnement;1. Aller sur mon plan;Plan actuel, date renouvellement, add-ons affichés;P0;;;
75;Billing;Checkout PayPal;Souscrire un plan via PayPal;1. Choisir un plan 2. Cliquer Payer 3. Compléter PayPal;Paiement capturé, plan activé, commande créée;P0;;;
76;Billing;Checkout PayPal — avec code promo;Souscrire avec réduction;1. Saisir code promo 2. Vérifier 3. Payer via PayPal;Prix réduit appliqué, metadata coupon persistée;P1;;;
77;Billing;Preview coupon;Vérifier un coupon avant achat;1. Saisir code promo 2. Cliquer Vérifier;Prix initial, réduction, prix final et validité affichés;P1;;;
78;Billing;Coupon invalide;Saisir un coupon invalide/expiré;1. Saisir un code invalide;Message d'erreur clair (expiré, inéligible, déjà utilisé);P1;;;
79;Billing;Coupon 100% — TTL;Vérifier que coupon 100% expire en ≤14 jours;1. Appliquer coupon 100% 2. Vérifier date expiration;Coupon valide max 14 jours;P2;;;
80;Billing;Apple IAP;Acheter via Apple In-App Purchase;1. Sur iOS, acheter un plan 2. Vérifier receipt;Plan activé après vérification Apple;P1;;;
81;Billing;Commandes de paiement;Historique des paiements;1. Aller sur historique paiements;Commandes listées avec statut;P1;;;
82;Billing;Simulation changement plan (admin);Super admin simule un changement;1. Admin simule changement plan pour un user;Résultat de simulation affiché, audit log créé;P2;;;
;;;;;;;;;
;;; 8. MOBILE MONEY;;;;;;;
83;Mobile Money;Paiement Orange Money;Initier paiement Orange Money;1. Choisir Orange Money 2. Saisir numéro 243XXXXXXXXX 3. Confirmer;Paiement initié, attente confirmation webhook;P1;;;
84;Mobile Money;Paiement M-Pesa;Initier paiement M-Pesa;1. Choisir M-Pesa 2. Saisir numéro 3. Confirmer;Paiement initié;P1;;;
85;Mobile Money;Vérifier statut paiement;Suivre un paiement en cours;1. Aller sur statut paiement;Statut à jour (PENDING/PAID/FAILED);P1;;;
86;Mobile Money;Historique paiements;Voir mes paiements Mobile Money;1. Aller sur historique;Paiements listés avec statut et montant;P2;;;
;;;;;;;;;
;;; 9. MESSAGERIE / CHAT;;;;;;;
87;Messagerie;Liste conversations;Voir mes conversations;1. Aller sur /messages;Conversations listées, ordonnées par date;P0;;;
88;Messagerie;Créer DM;Envoyer un message direct;1. Depuis un profil, cliquer "Envoyer message";Conversation DM créée, message envoyé;P0;;;
89;Messagerie;Créer groupe;Créer une conversation de groupe;1. Créer nouveau groupe 2. Ajouter participants;Groupe créé;P1;;;
90;Messagerie;Envoyer message texte;Envoyer un message simple;1. Saisir texte 2. Envoyer;Message envoyé, reçu en temps réel (socket);P0;;;
91;Messagerie;Envoyer média;Envoyer image/vidéo/audio/fichier;1. Joindre un fichier 2. Envoyer;Média envoyé et affiché;P1;;;
92;Messagerie;Répondre à un message;Réponse avec référence;1. Sélectionner un message 2. Répondre;Réponse envoyée avec référence au message original;P1;;;
93;Messagerie;Modifier message;Modifier un message envoyé;1. Sélectionner message 2. Modifier;Message modifié, indicateur "modifié" affiché;P2;;;
94;Messagerie;Supprimer message;Supprimer un message;1. Sélectionner message 2. Supprimer;Message supprimé;P2;;;
95;Messagerie;Marquer comme lu;Marquer une conversation comme lue;1. Ouvrir une conversation non lue;Conversation marquée comme lue;P1;;;
96;Messagerie;Temps réel — indicateur en ligne;Voir si un contact est en ligne;1. Ouvrir une conversation;Statut en ligne/hors ligne affiché;P2;;;
97;Messagerie;MessageGuard IA — numéro tel;Envoyer un numéro de téléphone;1. Envoyer un message contenant un numéro;Message bloqué ou averti par MessageGuard;P1;;;
98;Messagerie;MessageGuard IA — email/lien;Envoyer un email ou lien externe;1. Envoyer un lien/email;Message bloqué ou averti;P1;;;
99;Messagerie;MessageGuard IA — contenu autorisé;Envoyer un message normal;1. Envoyer un message texte normal;Message autorisé (ALLOWED);P0;;;
100;Messagerie;Trust guard — limite messages;Compte à faible confiance;1. Nouveau compte tente d'envoyer beaucoup de messages;Restriction MESSAGE_LIMIT appliquée;P2;;;
101;Messagerie;Appels — journal;Voir le journal des appels;1. Aller sur journal des appels;Historique appels (audio/vidéo, statut);P2;;;
;;;;;;;;;
;;; 10. SO-KIN (Réseau Social);;;;;;;
102;So-Kin;Feed public;Voir le fil d'actualité;1. Aller sur /sokin;Posts géolocalisés, paginés, filtrés;P0;;;
103;So-Kin;Créer post SHOWCASE;Publier un post vitrine;1. Cliquer Publier 2. Type SHOWCASE 3. Ajouter texte/médias 4. Publier;Post créé après modération ContentGuard;P0;;;
104;So-Kin;Créer post SELLING;Publier un post vente;1. Type SELLING 2. Publier;Post publié;P0;;;
105;So-Kin;Créer post — max médias;Dépasser la limite de médias;1. Tenter d'ajouter >5 médias ou >2 vidéos;Erreur : limite de médias dépassée;P1;;;
106;So-Kin;Supprimer post;Supprimer un post;1. Sélectionner mon post 2. Supprimer;Post supprimé;P1;;;
107;So-Kin;Modifier post;Modifier un post;1. Sélectionner post 2. Modifier texte/médias;Post modifié;P1;;;
108;So-Kin;Repost;Repartager un post;1. Cliquer Repost;Repost créé;P2;;;
109;So-Kin;Commenter;Laisser un commentaire;1. Ouvrir un post 2. Saisir commentaire 3. Envoyer;Commentaire affiché;P0;;;
110;So-Kin;Commentaire imbriqué;Répondre à un commentaire;1. Répondre à un commentaire existant;Commentaire imbriqué affiché;P2;;;
111;So-Kin;Réaction (LIKE, LOVE, etc.);Réagir à un post;1. Cliquer une réaction;Réaction enregistrée, compteur mis à jour;P0;;;
112;So-Kin;Bookmark;Sauvegarder un post;1. Cliquer Bookmark;Post ajouté à /sokin/bookmarks;P1;;;
113;So-Kin;Signaler post;Signaler un contenu;1. Signaler un post (SPAM, HARASSMENT, etc.);Signalement enregistré;P1;;;
114;So-Kin;Tendances locales;Voir les tendances;1. Aller sur tendances;Hashtags et topics populaires affichés;P1;;;
115;So-Kin;Analytics post;Voir les stats d'un post;1. Sur mon post, voir analytics;Vues, réactions, commentaires, partages;P2;;;
116;So-Kin;Insights auteur;Voir mes insights globaux;1. Aller sur dashboard So-Kin;Insights 7j/30j affichés;P2;;;
117;So-Kin;Smart Feed;Voir suggestions personnalisées;1. Parcourir le smart feed;Blocs suggérés, hashtags chauds, idées;P2;;;
118;So-Kin;Stories 24h;Publier une story;1. Publier une story (image/vidéo/texte);Story publiée, expire après 24h;P2;;;
;;;;;;;;;
;;; 11. EXPLORER;;;;;;;
119;Explorer;Page explorer;Découvrir annonces/boutiques/profils;1. Aller sur /explorer;Stats, publicités, boutiques et profils en vedette;P0;;;
120;Explorer;Recherche inline;Rechercher depuis explorer;1. Saisir un terme de recherche;Résultats inline affichés;P0;;;
121;Explorer;Vue carte;Voir les résultats sur carte;1. Basculer en vue carte;Annonces/boutiques géolocalisées sur la carte;P1;;;
;;;;;;;;;
;;; 12. CONNEXIONS & CONTACTS;;;;;;;
122;Connexions;Demande connexion;Envoyer une demande de connexion;1. Sur un profil, cliquer Connecter;Demande envoyée (PENDING);P1;;;
123;Connexions;Accepter connexion;Accepter une demande;1. Voir demandes reçues 2. Accepter;Connexion ACCEPTED;P1;;;
124;Connexions;Bloquer utilisateur;Bloquer un contact;1. Bloquer un utilisateur;Connexion BLOCKED, plus de messages possibles;P2;;;
125;Contacts;Import contacts téléphone;Importer ses contacts;1. Autoriser accès contacts 2. Importer;Contacts importés, suggestions de connexion;P2;;;
126;Contacts;Import Facebook;Importer amis Facebook;1. Connecter Facebook 2. Importer;Amis FB trouvés sur la plateforme;P2;;;
;;;;;;;;;
;;; 13. PUBLICITÉS & IA ADS;;;;;;;
127;Ads;Bannière publique;Voir une bannière pub;1. Naviguer sur une page avec pub;Bannière affichée, impression comptée;P1;;;
128;Ads;Clic pub;Cliquer sur une pub;1. Cliquer sur une bannière;Clic comptabilisé, redirection correcte;P1;;;
129;Ads;Boost article;Booster un article;1. Sélectionner article 2. Choisir scope (LOCAL/NATIONAL/CROSS_BORDER) 3. Activer;Article boosté, visibilité augmentée;P1;;;
130;Ads;Boost — limite 50;Dépasser 50 boosts actifs;1. Tenter de booster au-delà de 50 articles;Refus avec message d'erreur;P2;;;
131;Ads;Boost — add-on requis;Boost sans add-on BOOST_VISIBILITY;1. Utilisateur sans add-on tente de booster;Upsell affiché, action bloquée;P2;;;
132;Ads;Recommandations IA;Voir recommandations IA;1. Publier un article ou atteindre un jalon;Recommandation IA affichée (BOOST_ARTICLE, UPGRADE_PLAN, etc.);P1;;;
133;Ads;Essais IA (Trials);Activer un essai gratuit;1. Voir proposition d'essai 2. Activer;Essai activé, fonctionnalité accessible temporairement;P2;;;
;;;;;;;;;
;;; 14. ANALYTICS IA;;;;;;;
134;Analytics;Insights de base;Voir analytics basiques;1. Aller sur analytics;Insights niveau 1 affichés pour tous;P1;;;
135;Analytics;Insights profonds (Premium);Accéder aux analytics premium;1. Avec un plan premium, voir insights profonds;Diagnostic complet, anomalies, tendances;P2;;;
136;Analytics;Profil vendeur IA;Voir le profil vendeur IA;1. Avec add-on IA_MERCHANT, accéder;Profil IA vendeur détaillé;P2;;;
137;Analytics;Nudges pricing;Recevoir des conseils de prix;1. Aller sur /forfaits;Nudges affichés selon profil;P2;;;
;;;;;;;;;
;;; 15. COUPONS / INCENTIVES;;;;;;;
138;Incentives;Valider coupon;Valider un code coupon;1. Saisir un code valide;Coupon validé, réduction affichée;P0;;;
139;Incentives;Preview coupon;Prévisualiser la réduction;1. Saisir code 2. Voir preview;Prix initial, réduction, prix final;P0;;;
140;Incentives;Coupon expiré;Utiliser un coupon expiré;1. Saisir un code expiré;Message : coupon expiré;P1;;;
141;Incentives;Quota coupons (max 7/mois/user);Dépasser le quota mensuel;1. Utiliser 7 coupons dans le mois 2. Tenter un 8e;Refusé : quota mensuel atteint;P1;;;
142;Incentives;Quota grants (max 15/mois);Dépasser le quota grants;1. Recevoir 15 grants 2. Vérifier qu'aucun nouveau n'est attribué;Quota respecté;P2;;;
143;Incentives;Admin — créer coupon;Créer un coupon manuellement;1. Super admin crée un coupon (type, %, cible, segment);Coupon créé avec tous les paramètres;P1;;;
144;Incentives;Admin — révoquer coupon;Révoquer un coupon actif;1. Super admin révoque un coupon;Coupon invalidé;P1;;;
145;Incentives;Admin — dashboard quotas;Voir les quotas par utilisateur;1. Aller sur admin incentives;Dashboard quotas affiché;P2;;;
146;Incentives;Admin — rédemptions;Voir l'historique des rédemptions;1. Aller sur admin rédemptions;Liste avec filtres et pagination;P2;;;
;;;;;;;;;
;;; 16. AVIS / REVIEWS;;;;;;;
147;Reviews;Laisser un avis vérifié;Avis lié à une commande;1. Après livraison, laisser un avis (1-5 étoiles + texte);Avis créé avec badge "vérifié";P0;;;
148;Reviews;Avis libre;Avis sans commande;1. Laisser un avis sur un profil;Avis créé sans badge vérifié;P1;;;
149;Reviews;Commandes en attente d'avis;Voir quelles commandes attendent un avis;1. Aller sur avis en attente;Liste des commandes sans avis;P1;;;
150;Reviews;Double avis impossible;Tenter 2 avis pour la même commande;1. Laisser un 2e avis sur la même commande;Refusé : déjà un avis;P1;;;
;;;;;;;;;
;;; 17. VÉRIFICATION / BADGES;;;;;;;
151;Vérification;Soumettre demande USER;Demander vérification utilisateur;1. Aller dans paramètres 2. Soumettre demande;Demande PENDING créée;P1;;;
152;Vérification;Soumettre demande BUSINESS;Demander vérification business;1. Soumettre demande business;Demande créée;P1;;;
153;Vérification;Score crédibilité;Voir mon score crédibilité IA;1. Aller sur vérification;Score affiché;P2;;;
154;Vérification;Admin — résoudre demande;Approuver ou rejeter;1. Admin voit demande 2. Approuve/Rejette;Statut mis à jour, historique loggé;P1;;;
;;;;;;;;;
;;; 18. VITRINES (Portfolio);;;;;;;
155;Vitrines;Créer vitrine;Ajouter un document/diplôme;1. Aller sur vitrines 2. Ajouter titre + fichier;Vitrine créée;P2;;;
156;Vitrines;Modifier vitrine;Modifier une vitrine;1. Modifier titre/document;Vitrine mise à jour;P2;;;
157;Vitrines;Réordonner vitrines;Changer l'ordre;1. Drag & drop réorganiser;Ordre sauvegardé;P2;;;
;;;;;;;;;
;;; 19. NOTIFICATIONS;;;;;;;
158;Notifications;Push web (VAPID);Recevoir une notification push web;1. Autoriser les notifications 2. Déclencher un événement (message, commande);Notification push reçue;P1;;;
159;Notifications;Push mobile (FCM);Recevoir notification sur Android;1. S'inscrire au push FCM 2. Déclencher événement;Notification reçue sur mobile;P1;;;
160;Notifications;Centre de notifications;Voir toutes les notifications;1. Ouvrir le centre de notifications;Notifications listées par date;P1;;;
;;;;;;;;;
;;; 20. GÉOLOCALISATION;;;;;;;
161;Géolocation;Autocomplete;Rechercher une adresse;1. Saisir une adresse dans le champ localisation;Suggestions autocomplete affichées;P1;;;
162;Géolocation;Reverse geocoding;Déterminer l'adresse depuis coordonnées;1. Autoriser géolocalisation;Adresse déterminée et pré-remplie;P1;;;
;;;;;;;;;
;;; 21. MARKET INTELLIGENCE;;;;;;;
163;Market;Stats marché;Voir les stats marché d'une ville;1. Sélectionner ville et catégorie;Prix moyen, score demande/offre, tendance;P2;;;
164;Market;Recommandation prix;Obtenir une recommandation de prix;1. Soumettre un produit pour recommandation;Prix recommandé affiché;P2;;;
165;Market;Taux de change;Voir les taux de change;1. Aller sur les taux;Taux depuis USD affichés;P1;;;
;;;;;;;;;
;;; 22. SÉCURITÉ & TRUST;;;;;;;
166;Sécurité;Rate limiting;Vérifier le rate limit;1. Envoyer de nombreuses requêtes rapidement;Requêtes bloquées après seuil;P1;;;
167;Sécurité;Anti-scraping;Accès répétitif aux profils publics;1. Scraper des profils;Requêtes bloquées par scrapeGuard;P2;;;
168;Sécurité;Trust Score — sanctions;Comportement abusif;1. Utilisateur signalé multiple fois;Trust score diminué, restrictions appliquées;P2;;;
169;Sécurité;Admin — dashboard sécurité;Voir les événements sécurité;1. Aller sur admin sécurité;Events, fraudes, restrictions affichés;P1;;;
170;Sécurité;Admin — résoudre fraude;Résoudre un signal de fraude;1. Voir signal 2. Résoudre;Signal marqué résolu;P2;;;
;;;;;;;;;
;;; 23. ADMIN DASHBOARD;;;;;;;
171;Admin;Dashboard stats;Vue d'ensemble admin;1. Se connecter comme admin 2. Aller sur /admin;Stats générales affichées;P0;;;
172;Admin;Gestion utilisateurs — liste;Lister les utilisateurs;1. Aller sur admin users;Liste paginée avec recherche et filtres;P0;;;
173;Admin;Gestion utilisateurs — suspendre;Suspendre un utilisateur;1. Sélectionner user 2. Suspendre (durée + raison + mot de passe admin);Utilisateur suspendu, notifié;P0;;;
174;Admin;Gestion utilisateurs — réactiver;Réactiver un compte suspendu;1. Sélectionner user suspendu 2. Réactiver;Compte réactivé;P1;;;
175;Admin;Gestion utilisateurs — changer rôle;Promouvoir/dégrader un utilisateur;1. Changer le rôle (USER/BUSINESS/ADMIN);Rôle mis à jour;P1;;;
176;Admin;Blog — CRUD;Créer/modifier/supprimer un article;1. Admin crée un article blog 2. Publie;Article publié sur /blog;P1;;;
177;Admin;Blog — génération IA;Générer des articles automatiquement;1. Super admin lance la génération Gemini;Articles générés;P2;;;
178;Admin;Transactions;Voir les transactions;1. Aller sur admin transactions;Transactions listées;P1;;;
179;Admin;Signalements;Gérer les signalements;1. Voir signalements 2. Résoudre;Signalement résolu;P1;;;
180;Admin;Publicités — CRUD;Gérer les publicités;1. Créer/modifier/supprimer une pub;Pub gérée;P1;;;
181;Admin;IA Management;Gérer les agents IA;1. Voir agents, stats, logs 2. Modifier config;Config IA mise à jour;P2;;;
182;Admin;Admin Management;Gérer les comptes admin;1. Super admin crée un admin 2. Affecte niveau;Admin créé avec permissions;P1;;;
183;Admin;Audit logs;Consulter les logs d'audit;1. Aller sur audit logs;Actions admin listées;P1;;;
184;Admin;Settings site;Modifier les paramètres du site;1. Super admin modifie un setting;Setting mis à jour;P2;;;
185;Admin;Feed modération;Modérer les posts So-Kin;1. Voir posts flaggés 2. Modérer (HIDDEN/DELETED);Post modéré;P1;;;
186;Admin;Appels suspension;Gérer les appels de suspension;1. Voir appels 2. Accepter/rejeter;Appel traité;P2;;;
187;Admin;MessageGuard — dashboard;Voir les stats MessageGuard;1. Aller sur admin MessageGuard;Dashboard et logs affichés;P2;;;
188;Admin;MessageGuard — config;Modifier la config MessageGuard;1. Super admin modifie les seuils;Config mise à jour;P2;;;
189;Admin;Permissions par niveau;Vérifier les permissions admin;1. Admin LEVEL_1 tente une action SUPER_ADMIN;Action refusée;P1;;;
;;;;;;;;;
;;; 24. i18n / LANGUES / DEVISES;;;;;;;
190;i18n;Changer de langue;Passer de FR à EN/LN/AR;1. Sélecteur de langue 2. Choisir EN;Interface affichée en anglais;P1;;;
191;i18n;Changer de devise;Passer de CDF à USD/EUR;1. Sélecteur de devise 2. Choisir USD;Prix convertis en temps réel;P1;;;
192;i18n;RTL — Arabe;Interface en arabe;1. Choisir AR;Interface RTL correcte;P2;;;
;;;;;;;;;
;;; 25. PAGES INFORMATIVES;;;;;;;
193;Pages;À propos;Page /about;1. Aller sur /about;Contenu affiché correctement;P2;;;
194;Pages;Conditions d'utilisation;Page /terms;1. Aller sur /terms;Contenu affiché;P2;;;
195;Pages;FAQ;Page /faq;1. Aller sur /faq;FAQ interactive fonctionnelle;P2;;;
196;Pages;Contact;Page /contact;1. Aller sur /contact;Formulaire de contact fonctionnel;P2;;;
;;;;;;;;;
;;; 26. MOBILE & PWA;;;;;;;
197;Mobile;Installation PWA;Installer l'application web;1. Sur mobile, installer via prompt PWA;App installée, icône sur écran d'accueil;P1;;;
198;Mobile;Onboarding;Écran de bienvenue;1. Premier lancement app;Onboarding affiché (bienvenue, permissions);P1;;;
199;Mobile;Mode hors ligne;Accéder sans connexion;1. Couper internet 2. Ouvrir l'app;Page offline affichée;P2;;;
200;Mobile;Splash screen;Écran de chargement;1. Lancer l'app;Splash screen affiché puis disparaît;P2;;;
201;Mobile;Cookie consent;Bandeau cookies;1. Première visite;Bandeau cookies affiché, choix respecté;P2;;;
;;;;;;;;;
;;; 27. APP VERSION;;;;;;;
202;App Version;Force update;Mise à jour obligatoire;1. Version app < version minimale;Popup force update affiché;P1;;;
;;;;;;;;;
;;; 28. BLOG PUBLIC;;;;;;;
203;Blog;Liste articles;Voir le blog public;1. Aller sur /blog;Articles publiés listés;P1;;;
204;Blog;Réagir à un article;Like/dislike un article;1. Réagir sur un article;Réaction comptée;P2;;;
;;;;;;;;;
;;; 29. SEO;;;;;;;
205;SEO;Meta tags dynamiques;Vérifier les meta tags;1. Ouvrir une page 2. Inspecter head;Title, description, OG tags corrects;P2;;;
;;;;;;;;;
;;; 30. PERFORMANCE & TRANSVERSAL;;;;;;;
206;Performance;Temps de chargement;Vérifier la rapidité;1. Mesurer le temps de chargement de la page d'accueil;Chargement <3s;P1;;;
207;Performance;Pagination;Vérifier la pagination partout;1. Lister >20 éléments dans les listes;Pagination fonctionnelle;P1;;;
208;Transversal;Responsive design;Vérifier le responsive;1. Tester sur mobile, tablette, desktop;Interface adaptée à chaque taille;P0;;;
209;Transversal;Dark/Light mode;Basculer entre thèmes;1. Switcher dark/light mode;Thème appliqué correctement;P1;;;
210;Transversal;Gestion d'erreurs;Erreurs réseau/serveur;1. Simuler une erreur 500;Page d'erreur ou message clair affiché;P1;;;
211;Transversal;Error boundary;Crash d'un composant;1. Provoquer une erreur dans un composant;ErrorBoundary attrape l'erreur, message affiché;P2;;;
212;Transversal;Socket temps réel;Vérifier les events socket;1. Ouvrir 2 navigateurs 2. Envoyer un message;Message reçu en temps réel;P0;;;
